2i18.pdb	2i19.pdb	2i09.pdb	2i08.pdb	2i20.pdb	2i12.pdb	2i06.pdb	2i07.pdb	2i13.pdb	2i05.pdb	2i11.pdb	2i10.pdb	2i04.pdb	2i14.pdb	2i15.pdb	2i01.pdb	2i17.pdb	2i03.pdb	2i02.pdb	2i16.pdb
ahCav12-CaM_relaxed_rank_002_alphafold2_multimer_v3_model_5_seed_000.pdb	14.218008380879397	7.764771744259622	17.934560333495156	13.499928929951901	11.10558865422967	21.038292807510565	12.289134931936347	12.42441419422878	25.596021993209074	9.703834449107946	20.309898526697697	11.12712647923611	12.298896425260908	19.267620364625614	11.364586042855533	20.518590497552943	13.754501913752694	8.536905105521022	8.146975247803567	8.340210813429136
ahCav12-CaM_relaxed_rank_001_alphafold2_multimer_v3_model_3_seed_000.pdb	15.550862882952796	9.006867466905545	17.40818646881967	11.943264702953975	8.685734474121178	13.497305137608175	11.511239156107086	12.362688341354179	19.600045657458693	9.782422883249062	18.90893419698946	11.331142693828784	11.513912115504644	16.530979608117814	11.194216020801726	13.186915715685288	11.167014622434941	7.047423532333755	11.393349983867461	8.859831667377883
ahCav12-CaM_relaxed_rank_003_alphafold2_multimer_v3_model_4_seed_000.pdb	26.24807424995291	14.204926101878035	22.005030263818504	11.634106026576022	12.262222258431363	19.082427674391095	8.427035552732885	19.194634214675524	16.504273328349747	19.90027257040148	18.275667029008357	16.516650865010863	14.351923711988695	9.984347763809003	22.971715775446103	11.461763615728799	22.272055678647412	13.376843200950251	18.324145834236557	12.663512665965847
ahCav12-CaM_relaxed_rank_004_alphafold2_multimer_v3_model_1_seed_000.pdb	13.36099093616592	16.466586037493553	20.034604746903742	20.975828570748696	19.096819103486748	20.283809625899398	18.698182802919963	13.780064189832956	18.773801204948846	16.599984806995273	22.716620347255073	14.048002154814986	19.629923580864883	16.100537078666882	11.534982075770175	22.59493674284368	15.75722376057763	18.437098616630784	22.95979062074452	15.87632379275276
ahCav12-CaM_relaxed_rank_005_alphafold2_multimer_v3_model_2_seed_000.pdb	25.19181105928022	25.76290603871317	34.2382693535598	24.397954612099845	20.92527953947846	30.750703201685265	22.314237782881115	31.757261491933853	29.444501116496863	32.60598626010788	26.914917361306756	29.281479485647044	26.221692202819916	18.634083276232197	22.58281015678681	24.07544646383847	28.952965913643045	28.641979941260427	30.638324401506157	24.801858712144906
